{
  "dataset": "Proxifier",
  "original_size": 588240,
  "sample_size": 5000,
  "results": {
    "gzip": {
      "size": 31764,
      "ratio": 18.519078201737816,
      "time": 0.009232044219970703
    },
    "lz4": {
      "size": 39669,
      "ratio": 14.828707555017772,
      "time": 0.02853679656982422
    },
    "zstd": {
      "size": 25796,
      "ratio": 22.803535431849898,
      "time": 0.16206097602844238
    },
    "snappy": {
      "size": 71836,
      "ratio": 8.188651929394732,
      "time": 0.0004062652587890625
    },
    "logsim": {
      "size": 45945,
      "ratio": 12.693786048536293,
      "time": 0.28911924362182617,
      "templates": 14,
      "logs": 5000
    }
  }
}