{
  "dataset": "Apache",
  "original_size": 498942,
  "sample_size": 5000,
  "results": {
    "gzip": {
      "size": 32938,
      "ratio": 15.147914263161091,
      "time": 0.008424758911132812
    },
    "lz4": {
      "size": 39441,
      "ratio": 12.650338480261656,
      "time": 0.022603273391723633
    },
    "zstd": {
      "size": 24737,
      "ratio": 20.16986700084893,
      "time": 0.1802964210510254
    },
    "snappy": {
      "size": 66478,
      "ratio": 7.505370197659376,
      "time": 0.0004150867462158203
    },
    "logsim": {
      "size": 51756,
      "ratio": 9.543685756240823,
      "time": 0.2574646472930908,
      "templates": 16,
      "logs": 5000
    }
  }
}