{
  "dataset": "Zookeeper",
  "original_size": 657570,
  "sample_size": 5000,
  "results": {
    "gzip": {
      "size": 22673,
      "ratio": 29.002337582146165,
      "time": 0.014548063278198242
    },
    "lz4": {
      "size": 34897,
      "ratio": 18.843167034415565,
      "time": 0.023182392120361328
    },
    "zstd": {
      "size": 16790,
      "ratio": 39.16438356164384,
      "time": 0.4798550605773926
    },
    "snappy": {
      "size": 61131,
      "ratio": 10.756735535162193,
      "time": 0.00039005279541015625
    },
    "logsim": {
      "size": 35867,
      "ratio": 18.166727075027183,
      "time": 0.33139729499816895,
      "templates": 9,
      "logs": 5000
    }
  }
}