{
  "dataset": "HealthApp",
  "original_size": 479151,
  "sample_size": 5000,
  "results": {
    "gzip": {
      "size": 39426,
      "ratio": 12.153173033023894,
      "time": 0.011544227600097656
    },
    "lz4": {
      "size": 54423,
      "ratio": 8.804200429965272,
      "time": 0.02442455291748047
    },
    "zstd": {
      "size": 29371,
      "ratio": 16.313744850362603,
      "time": 0.2303457260131836
    },
    "snappy": {
      "size": 74999,
      "ratio": 6.388765183535781,
      "time": 0.00047469139099121094
    },
    "logsim": {
      "size": 57125,
      "ratio": 8.300218818380744,
      "time": 0.12974143028259277,
      "templates": 1,
      "logs": 5000
    }
  }
}